,BETADISPERSION,,,,,PERMANOVA,,,,,
,diff,lwr,upr,P value,,SumofSqs,MeanSquares,F.model,R2,P value,Adjusted P 
Elizabeth-CSouthEastern,-0.13928343,-0.24070538,-0.03786148,0.0053114,,0.4538791,0.4538791,2.287146,0.1861413,0.021978022,0.032967033
Northern-CSouthEastern,-0.04477909,-0.12224138,0.03268321,0.3887506,,0.3228144,0.3228144,1.605272,0.117989,0.001998002,0.003996004
Western-CSouthEastern,0.01256204,-0.05196351,0.0770876,0.9461118,,0.5146647,0.5146647,2.428214,0.1393266,0.000999001,0.003996004
Northern-Elizabeth,0.09450434,-0.01888885,0.20789753,0.1231994,,0.4814028,0.4814028,2.54276,0.3886372,0.066666667,0.08
Western-Elizabeth,0.15184547,0.04686378,0.25682716,0.0033684,,0.2823101,0.2823101,1.297198,0.1563416,0.086913087,0.086913087
Western-Northern,0.05734113,-0.02472683,0.13940909,0.2358417,,0.5056828,0.5056828,2.331418,0.2057481,0.001998002,0.003996004